koenigsberger-klopse	MAHXhZEH0do
saaten-vollkornbrot-ohne-gehzeit	MAHXhfsn49Q
haferflocken-quark-brot	MAHXhcZX3Oc
schnelle-quarkbroetchen	MAHXhQ6VWMo
buttermilch-sodabrot	MAHXhQknvm0
moehren-walnuss-brot	MAHXhYfbsu0
joghurt-pfannenbrot	MAHXhXyHERI
bananenbrot-mit-walnuessen	MAHXhQvJ3vE
dinkelbroetchen-ueber-nacht	MAHXhaLSDh0
saaten-knaeckebrot	MAHXhZIfh2o
kuerbiskern-topfbrot	MAHXhk4RLzA
baked-oats-mit-beeren	MAHXhikk2Oo
tiramisu-overnight-oats	MAHXhovsk7E
huettenkaese-fladen-mit-avocado	MAHXho2EUYo
gyros-bowl-mit-haehnchen	MAHXhv3Guls
one-pot-pasta-tomate-spinat	MAHXhhLn3LY
ofen-feta-pasta	MAHXhiLN3LY
zitronen-pasta-mit-garnelen-und-zucchini	MAHXhi-OFLg
spaghetti-bolognese-mit-viel-gemuese	MAHXhvnZlfM
kartoffelsuppe-mit-wuerstchen	MAHXhjVckk4
kaiserschmarrn-mit-apfelmus	MAHXhkOlH8o
klassische-lasagne-mit-hackfleisch	MAHXhqH6zkY
milchreis-mit-zimt-und-kirschen	MAHXhgQ8s6I
huehnersuppe-mit-nudeln	MAHXhtLHvoo
chili-con-carne	MAHXhseFwHE
fischstaebchen-selbst-gemacht	MAHXhmX1iC4
kaesespaetzle-mit-roestzwiebeln	MAHXhjvaWPU
toast-hawaii-vom-blech	MAHXhslFcQU
smash-tacos-mit-rinderhack	MAHXhrekQpY
knuspriger-reissalat-mit-edamame	MAHXhoc8JGQ
cremiges-tomaten-haehnchen-mit-spinat	MAHXhg4_4QU
halloumi-vom-blech	MAHXhneUkEE
gnocchi-pfanne-mit-tomaten-und-mozzarella	MAHXhrd6yCs
erdnuss-nudeln-mit-gemuese	MAHXhk9ekBs
weisskohl-steaks-aus-dem-ofen	MAHXhnoDQlw
rote-gruetze-mit-vanillejoghurt	MAHXhmsX470
honig-soja-haehnchen-mit-brokkoli	MAHXhprYwCM
rote-linsen-dal-mit-spinat	MAHXhlZhFZg
burrito-bowl-mit-schwarzen-bohnen	MAHXhjrHSZc
eier-muffins-mit-gemuese-und-feta	MAHXhlrAbI8
dattel-kakao-energy-balls	MAHXhmLBoTE
hackbaellchen-in-tomatensauce	MAHXhru-zuM
champignon-risotto	MAHXhsanXI0
gefuellte-suesskartoffeln-mit-feta	MAHXhj8fhqU
flammkuchen-mit-birne-und-blauschimmelkaese	MAHXhkwD3PY
zanderfilet-auf-rahmwirsing	MAHXhs4Krys
shakshuka-mit-feta	MAHXhktyEww
zitronen-ricotta-pancakes	MAHXhnRGwbg
apfel-zimt-oats	MAHXh5-_abI
birnen-vanille-oats	MAHXh7spCs8
himbeer-mandel-oats	MAHXh5SPj4s
heidelbeer-zitronen-oats	MAHXhy1kHMQ
erdbeer-pistazien-oats	MAHXh79c9pE
pfirsich-kokos-oats	MAHXh8zV6dE
pflaumen-zimt-oats	MAHXh2xKi50
aprikosen-kardamom-oats	MAHXh92iCQc
brombeer-haselnuss-oats	MAHXhwd8cQk
banane-kakao-oats	MAHXh0-KZ-o
apfel-moehren-porridge	MAHXh2fPmys
birnen-kakao-porridge	MAHXh8Ae_Fw
himbeer-kokos-porridge	MAHXh1IW650
pflaumen-mandel-porridge	MAHXh86osOU
aprikosen-pistazien-porridge	MAHXh1luwRo
heidelbeer-bananen-porridge	MAHXh9TMCz4
erdbeer-rhabarber-porridge	MAHXh7ar5wA
kuerbis-apfel-porridge	MAHXhy5V8X4
pfirsich-himbeer-porridge	MAHXh1XH39s
kirsch-kakao-porridge	MAHXh7Mm9RI
erdbeer-vanille-quark	MAHXiIgF5hY
birnen-walnuss-quark	MAHXiECa8eU
heidelbeer-zitronen-quark	MAHXiM2K2oY
pfirsich-pistazien-quark	MAHXiEj6d_k
apfel-haselnuss-quark	MAHXiMZrSPc
mango-limetten-quark	MAHXiN4fowY
himbeer-kakao-quark	MAHXiHOPdCg
aprikosen-mohn-quark	MAHXiL0RIg8
trauben-walnuss-quark	MAHXiGG0zjc
kiwi-bananen-quark	MAHXiIsDeJg
